{
  "Sheet1": [
    {
      "movieID": 1,
      "title": "The Shawshank Redemption",
      "studio": "Warner Bros. Pictures",
      "genres": "Drama",
      "directors": "Frank darabont",
      "writers": "Stephen King, Frank Darabont",
      "actors": "Tim Robbins, Morgan Freeman, Bob Gunton, William Sadler",
      "year": 1994,
      "length": 142,
      "shortDescription": "Over the course of several years, two convicts form a friendship, seeking consolation and, eventually, redemption through basic compassion.",
      "mpaRating": "R",
      "criticsRating": 9.3
    },
    {
      "movieID": 2,
      "title": "The Wrong Trousers",
      "studio": "Paramount Pictures",
      "genres": "Animation, Short, Comedy",
      "directors": "Nick park",
      "writers": "Nick park, bob baker",
      "actors": "Peter sallis",
      "year": 1993,
      "length": 29,
      "shortDescription": "Gromit butts heads with a mysterious penguin lodger, who hatches a sinister scheme involving the ex-NASA Techno Trousers that have been modified by Wallace for walkies.",
      "mpaRating": "PG",
      "criticsRating": 8.3
    },
    {
      "movieID": 3,
      "title": "Zero Dark Thirty",
      "studio": "Sony Pictures production",
      "genres": "Drama, History, Thriller",
      "directors": "Kathryn Bigelow",
      "writers": "Mark boal",
      "actors": "Jessica Chastain, Joel Edgerton, Chris Pratt, Mark Strong",
      "year": 2012,
      "length": 157,
      "shortDescription": "A chronicle of the decade-long hunt for al-Qaeda terrorist leader Osama bin Laden after the September 2001 attacks, and his death at the hands of the Navy S.E.A.L.s Team 6 in May 2011.",
      "mpaRating": "R",
      "criticsRating": 7.4
    },
    {
      "movieID": 4,
      "title": "Revolver",
      "studio": "Europa Corp",
      "genres": "Action, Crime, Drama",
      "directors": "Guy Ritchie",
      "writers": "Luk Bason",
      "actors": "Jason Statham, Ray Liotta, André 3000, Vincent Pastore",
      "year": 2005,
      "length": 111,
      "shortDescription": "Gambler Jake Green enters into a game with potentially deadly consequences.",
      "mpaRating": "R",
      "criticsRating": 6.3
    },
    {
      "movieID": 5,
      "title": "Shutter Island",
      "studio": "Paramount Pictures",
      "genres": "Mystery, Thriller",
      "directors": "Martin",
      "writers": "Dennis lahane",
      "actors": "Leonardo DiCaprio, Emily Mortimer, Mark Ruffalo, Ben Kingsley",
      "year": 2010,
      "length": 138,
      "shortDescription": "Teddy Daniels and Chuck Aule, two US marshals, are sent to an asylum on a remote island in order to investigate the disappearance of a patient, where Teddy uncovers a shocking truth about the place.",
      "mpaRating": "PG",
      "criticsRating": 8.2
    },
    {
      "movieID": 6,
      "title": "The Intouchables",
      "studio": "Ten films",
      "genres": "Biography, Comedy, Drama",
      "directors": "Olivier Nakache",
      "writers": "Olivier Nakache",
      "actors": "François Cluzet, Omar Sy, Anne Le Ny, Audrey Fleurot",
      "year": 2011,
      "length": 112,
      "shortDescription": "After he becomes a quadriplegic from a paragliding accident, an aristocrat hires a young man from the projects to be his caregiver.",
      "mpaRating": "R",
      "criticsRating": 8.3
    },
    {
      "movieID": 7,
      "title": "Mission: Impossible",
      "studio": "Paramount Pictures",
      "genres": "Action, Adventure, Thriller",
      "directors": "Brian De Palma",
      "writers": "Bruce peller",
      "actors": "Tom Cruise, Jon Voight, Emmanuelle Béart, Henry Czerny",
      "year": 1996,
      "length": 110,
      "shortDescription": "An American agent, under false suspicion of disloyalty, must discover and expose the real spy without the help of his organization.",
      "mpaRating": "PG",
      "criticsRating": 7.2
    },
    {
      "movieID": 8,
      "title": "Pirates of the Caribbean: The Curse of the Black Pearl",
      "studio": "Walt Disney Production",
      "genres": "Action, Adventure, Fantasy",
      "directors": "Gore verbinski",
      "writers": "Ted Elliot,Terry Rosie",
      "actors": "Johnny Depp, Geoffrey Rush, Orlando Bloom, Keira Knightley",
      "year": 2008,
      "length": 143,
      "shortDescription": "Blacksmith Will Turner teams up with eccentric pirate \"Captain\" Jack Sparrow to save his love, the governor's daughter, from Jack's former pirate allies, who are now undead.",
      "mpaRating": "PG",
      "criticsRating": 8.1
    },
    {
      "movieID": 9,
      "title": "Men in black",
      "studio": "Columbia Pictures",
      "genres": "Action, Adventure, Comedy",
      "directors": "Barry Sonnenfeld",
      "writers": "Lowell Cunningham",
      "actors": "Tommy Lee Jones, Will Smith, Linda Fiorentino, Vincent D'Onofrio",
      "year": 1997,
      "length": 93,
      "shortDescription": "A police officer joins a secret organization that polices and monitors extraterrestrial interactions on Earth.",
      "mpaRating": "PG",
      "criticsRating": 7.3
    },
    {
      "movieID": 10,
      "title": "Midnight in Paris",
      "studio": "Gravier Production",
      "genres": "Comedy, Fantasy, Romance",
      "directors": "Woody allen",
      "writers": "Woody Allen",
      "actors": "Owen Wilson, Rachel McAdams, Kathy Bates, Kurt Fuller",
      "year": 2011,
      "length": 94,
      "shortDescription": "While on a trip to Paris with his fiancée's family, a nostalgic screenwriter finds himself mysteriously going back to the 1920s every day at midnight.",
      "mpaRating": "PG",
      "criticsRating": 7.6
    },
    {
      "movieID": 11,
      "title": "Star Wars: Episode V - The Empire Strikes Back",
      "studio": "Twentieth Century Fox",
      "genres": "Action, Adventure, Fantasty",
      "directors": "Irvin Kershner",
      "writers": "Leigh Brackett, \r\nLawrence Kasdan,\r\nGeorge Lucas",
      "actors": "Mark Hamill,\r\nHarrison Ford,\r\nCarrie Fisher",
      "year": 1980,
      "length": 124,
      "shortDescription": "After the Rebels are overpowered by the Empire, Luke Skywalker begins his Jedi training with Yoda, while his friends are pursued across the galaxy by Darth Vader and bounty hunter Boba Fett.",
      "mpaRating": "PG",
      "criticsRating": 8.7
    },
    {
      "movieID": 12,
      "title": "The Matrix",
      "studio": "Warner Bros. Pictures",
      "genres": "Action,\r\nSci-Fi",
      "directors": "Lana Wachowski,\r\nLilly Wachowski",
      "writers": "Lana Wachowski,\r\nLilly Wachowski",
      "actors": "Keanu Reaves,\r\nLaurence Fishburne,\r\nCarrie-Anne Moss",
      "year": 1999,
      "length": 136,
      "shortDescription": "When a beautiful stranger leads computer hacker Neo to a forbidding underworld, he discovers the shocking truth--the life he knows is the elaborate deception of an evil cyber-intelligence.",
      "mpaRating": "R",
      "criticsRating": 8.7
    },
    {
      "movieID": 13,
      "title": "Star Wars: Episode IV - A New Hope",
      "studio": "Twentieth Century Fox",
      "genres": "Action, Adventure, Fantasty",
      "directors": "George Lucas",
      "writers": "George Lucas",
      "actors": "Mark Hamill,\r\nHarrison Ford,\r\nCarrie Fisher",
      "year": 1977,
      "length": 121,
      "shortDescription": "Luke Skywalker joins forces with a Jedi Knight, a cocky pilot, a Wookiee and two droids to save the galaxy from the Empire's world-destroying battle station, while also attempting to rescue Princess Leia from the mysterious Darth Vader.",
      "mpaRating": "PG",
      "criticsRating": 8.6
    },
    {
      "movieID": 14,
      "title": "Back to the Future",
      "studio": "Universal Pictures",
      "genres": "Adventure,\r\nComedy,\r\nSci-Fi",
      "directors": "Robert Zemeckis",
      "writers": "Robet Zemeckis,\r\nBob Gale",
      "actors": "Michael J. Fox,\r\nChristopher Lloyd,\r\nLea Thompson",
      "year": 1985,
      "length": 116,
      "shortDescription": "Marty McFly, a 17-year-old high school student, is accidentally sent 30 years into the past in a time-traveling DeLorean invented by his close friend, the maverick scientist Doc Brown.",
      "mpaRating": "PG",
      "criticsRating": 8.5
    },
    {
      "movieID": 15,
      "title": "Alien",
      "studio": "Twentieth Century Fox",
      "genres": "Horror,\r\nSci-Fi",
      "directors": "Ridley Scott",
      "writers": "Dan O'Bannon,\r\nRonald Shusett",
      "actors": "Sigourney Weaver,\r\nTom Skerritt,\r\nJohn Hurt",
      "year": 1979,
      "length": 117,
      "shortDescription": "The crew of a commercial spacecraft encounter a deadly lifeform after investigating an unknown transmission.",
      "mpaRating": "R",
      "criticsRating": 8.5
    },
    {
      "movieID": 16,
      "title": "Raiders of th Lost Ark",
      "studio": "Paramount Pictures",
      "genres": "Action, Adventure",
      "directors": "Steven Spielberg",
      "writers": "Lawrence Kasdan, \r\nGeorge Lucas, \r\nPhilip Kaufman",
      "actors": "Harrison Ford, \r\nKaren Allen,\r\nPaul Freeman",
      "year": 1981,
      "length": 115,
      "shortDescription": "In 1936, archaeologist and adventurer Indiana Jones is hired by the U.S. government to find the Ark of the Covenant before the Nazis can obtain its awesome powers.",
      "mpaRating": "PG",
      "criticsRating": 8.4
    },
    {
      "movieID": 17,
      "title": "Blade Runner",
      "studio": "Warner Bros. Pictures",
      "genres": "Action, Drama,\r\nSci-Fi",
      "directors": "Ridley Scott",
      "writers": "Hampton Fancher, \r\nDavid Webb Peoples, \r\nPhilip K. Dick",
      "actors": "Harrison Ford, \r\nRutger Hauer, \r\nSean Young",
      "year": 1982,
      "length": 117,
      "shortDescription": "A blade runner must pursue and terminate four replicants who stole a ship in space and have returned to Earth to find their creator.",
      "mpaRating": "R",
      "criticsRating": 8.1
    },
    {
      "movieID": 18,
      "title": "The Terminator",
      "studio": "Orion Pictures",
      "genres": "Action,\r\nSci-Fi",
      "directors": "James Cameron",
      "writers": "James Cameron,\r\nGale Anne Hurd,\r\nWilliam Wisher",
      "actors": "Arnold Schwarzenegger, \r\nLinda Hamilton, \r\nMichael Biegn",
      "year": 1984,
      "length": 107,
      "shortDescription": "A human soldier is sent from 2029 to 1984 to stop an almost indestructible cyborg killing machine, sent from the same year, which has been programmed to execute a young woman whose unborn son is the key to humanity's future salvation.",
      "mpaRating": "R",
      "criticsRating": 8.1
    },
    {
      "movieID": 19,
      "title": "The Princess Bride",
      "studio": "Twentieth Century Fox",
      "genres": "Adventure,\r\nComedy,\r\nFamily",
      "directors": "Rob Reiner",
      "writers": "William Goldman",
      "actors": "Cary Elwes,\r\nMandy Patinkin,\r\nRobin Wright",
      "year": 1987,
      "length": 98,
      "shortDescription": "A bedridden boy's grandfather reads him the story of a farmboy-turned-pirate who encounters numerous obstacles, enemies and allies in his quest to be reunited with his true love.",
      "mpaRating": "PG",
      "criticsRating": 8
    },
    {
      "movieID": 20,
      "title": "Star Trek II: The Wrath of Khan",
      "studio": "Paramount Pictures",
      "genres": "Action,\r\nAdventure,\r\nSci-Fi",
      "directors": "Nicholas Meyer",
      "writers": "Gene Roddenberry,\r\nJack B. Sowards,\r\nHarve Bennett",
      "actors": "William Shatner,\r\nLeonard Nimoy,\r\nDeForest Kelley",
      "year": 1982,
      "length": 113,
      "shortDescription": "With the assistance of the Enterprise crew, Admiral Kirk must stop an old nemesis, Khan Noonien Singh, from using the life-generating Genesis Device as the ultimate weapon.",
      "mpaRating": "PG",
      "criticsRating": 7.7
    }
  ]
}