{
  "project_info": {
    "project_number": "214065763619",
    "project_id": "moviesapp-5c432",
    "storage_bucket": "moviesapp-5c432.appspot.com"
  },
  "client": [
    {
      "client_info": {
        "mobilesdk_app_id": "1:214065763619:android:7a69b5f69c43dc023a2896",
        "android_client_info": {
          "package_name": "com.example.moviesapp"
        }
      },
      "oauth_client": [],
      "api_key": [
        {
          "current_key": "AIzaSyABvitX_ffiYOHz6aC7ScQVZMs9I_PI-QM"
        }
      ],
      "services": {
        "appinvite_service": {
          "other_platform_oauth_client": []
        }
      }
    }
  ],
  "configuration_version": "1"
}